<?xml version="1.0" encoding="UTF-8"?>
<!DOCTYPE hibernate-configuration PUBLIC
    "-//Hibernate/Hibernate Configuration DTD//EN"
    "http://www.hibernate.org/dtd/hibernate-configuration-3.0.dtd">
<hibernate-configuration>
	<session-factory>
		<!-- <property name="connection.driver_class">com.mysql.cj.jdbc.Driver</property>
		<property name="connection.url">jdbc:mysql://localhost:3306/vogodb</property>
		<property name="connection.username">root</property>
		<property name="connection.password">root</property>
		
		<property name="hibernate.dialect">org.hibernate.dialect.MySQL8Dialect</property> -->
		<property name="connection.driver_class">oracle.jdbc.driver.OracleDriver</property>
		<property name="connection.url">jdbc:oracle:thin:@localhost:1521:xe</property>
		<property name="connection.username">vogodb</property>
		<property name="connection.password">welcome1</property>
		
		<property name="hibernate.dialect">org.hibernate.dialect.Oracle10gDialect</property>
		<property name="show_sql">true</property>
		<property name="hbm2ddl.auto">update</property>

		<mapping resource="com/idgenerators/entities/Outlet.hbm.xml" />
	</session-factory>
</hibernate-configuration>    