<?xml version="1.0" encoding="UTF-8"?>
<!DOCTYPE hibernate-mapping PUBLIC "-//Hibernate/Hibernate Mapping DTD 3.0//EN"
"http://hibernate.sourceforge.net/hibernate-mapping-3.0.dtd">
<hibernate-mapping package="com.mtmmap.entities">
	<class name="Player" table="player">
		<id name="playerNo" column="player_no">
			<generator class="increment" />
		</id>
		<property name="playerName" column="player_nm" />
		<property name="age" />
		<property name="gender" />
	</class>
</hibernate-mapping>