<?xml version="1.0" encoding="UTF-8"?>
<!DOCTYPE hibernate-configuration PUBLIC
    "-//Hibernate/Hibernate Configuration DTD//EN"
    "http://www.hibernate.org/dtd/hibernate-configuration-3.0.dtd">
<hibernate-configuration>
	<session-factory>
		<property name="connection.driver_class">com.mysql.cj.jdbc.Driver</property>
		<property name="connection.url">jdbc:mysql://localhost:3306/urbanladder</property>
		<property name="connection.username">root</property>
		<property name="connection.password">root</property>
		<property name="hibernate.dialect">org.hibernate.dialect.MySQL8Dialect</property>
		<property name="hibernate.hbm2ddl.auto">update</property>
		<property name="show_sql">true</property>

		<mapping class="com.firstlevelcache.entities.Category" />
	</session-factory>
</hibernate-configuration>    