<?xml version="1.0" encoding="UTF-8"?>
<!DOCTYPE hibernate-mapping PUBLIC "-//Hibernate/Hibernate Mapping DTD 3.0//EN"
"http://hibernate.sourceforge.net/hibernate-mapping-3.0.dtd">
<hibernate-mapping package="com.fetchtypes.entities">
	<class name="Member" table="member">
		<id name="memberNo" column="member_no">
			<generator class="increment" />
		</id>
		<property name="memberName" column="member_nm" />
		<property name="role" />
		<property name="experience" />
		<set name="tasks" inverse="true" fetch="subselect" cascade="delete-orphan">
			<key column="member_no" not-null="true" />
			<one-to-many class="Task" />
		</set>
	</class>
</hibernate-mapping>