<?xml version="1.0" encoding="UTF-8"?>
<!DOCTYPE hibernate-mapping PUBLIC "-//Hibernate/Hibernate Mapping DTD 3.0//EN"
"http://hibernate.sourceforge.net/hibernate-mapping-3.0.dtd">
<hibernate-mapping package="com.dmlops.entities">
	<class name="Feedback" table="feedback">
		<id name="feedbackNo" column="feedback_no" unsaved-value="0">
			<generator class="identity" />
		</id>
		<property name="feedbackDate" column="feedback_dt" />
		<property name="rating" />
		<property name="comments" />
		<property name="providedBy" column="feedback_provided_by" />
		<property name="emailAddress" column="email_address" />
	</class>
</hibernate-mapping>