<?xml version="1.0" encoding="UTF-8"?>
<!DOCTYPE hibernate-mapping PUBLIC "-//Hibernate/Hibernate Mapping DTD 3.0//EN"
"http://hibernate.sourceforge.net/hibernate-mapping-3.0.dtd">
<hibernate-mapping package="com.otmm.entities">
	<class name="Workorder" table="workorder">
		<id name="workorderNo" column="workorder_no">
			<generator class="increment" />
		</id>
		<property name="title" />
		<property name="description" />
		<property name="startDate" column="start_dt" />
		<property name="duration" />
		<property name="budget" />
		<property name="status" />
	</class>
</hibernate-mapping>