<?xml version="1.0" encoding="UTF-8"?>
<!DOCTYPE hibernate-configuration PUBLIC
    "-//Hibernate/Hibernate Configuration DTD//EN"
    "http://www.hibernate.org/dtd/hibernate-configuration-3.0.dtd">
<hibernate-configuration>
	<session-factory>
		<property name="connection.driver_class">com.mysql.cj.jdbc.Driver</property>
		<property name="connection.url">jdbc:mysql://localhost:3306/hdb</property>
		<property name="connection.username">root</property>
		<property name="connection.password">root</property>
		<property name="show_sql">true</property>
		<property name="hibernate.dialect">org.hibernate.dialect.MySQL8Dialect</property>
		<property name="hbm2ddl.auto">update</property>

		<property name="hibernate.cache.use_second_level_cache">true</property>
		<property
			name="hibernate.cache.provider_configuration_file_resource_path">/ehcache.xml</property>
		<property name="hibernate.cache.region.factory_class">org.hibernate.cache.ehcache.internal.EhcacheRegionFactory</property>

		<mapping resource="com/slc/entities/Organization.hbm.xml" /> <mapping 
			resource="com/slc/entities/Job.hbm.xml" />
		<!-- <mapping class="com.slc.entities.Organization" />
		<mapping class="com.slc.entities.Job" /> -->
	</session-factory>
</hibernate-configuration>