<?xml version="1.0" encoding="UTF-8"?>
<!DOCTYPE hibernate-mapping PUBLIC "-//Hibernate/Hibernate Mapping DTD 3.0//EN"
"http://hibernate.sourceforge.net/hibernate-mapping-3.0.dtd">
<hibernate-mapping package="com.onetomanyset.entities">
	<class name="Review" table="review">
		<id name="reviewNo" column="review_no">
			<generator class="increment" />
		</id>
		<property name="rating" />
		<property name="comment" />
		<property name="reviewPostedDate" column="review_posted_dt" />
		<property name="reviewedBy" column="reviewed_by" />
		<many-to-one name="product" column="product_no"
			class="Product" />
	</class>
</hibernate-mapping>