<?xml version="1.0" encoding="UTF-8"?>
<!DOCTYPE hibernate-configuration PUBLIC
    "-//Hibernate/Hibernate Configuration DTD//EN"
    "http://www.hibernate.org/dtd/hibernate-configuration-3.0.dtd">
<hibernate-configuration>
	<session-factory>
		<property name="connection.driver_class">com.mysql.cj.jdbc.Driver</property>
		<property name="connection.url">jdbc:mysql://localhost:3306/hdb</property>
		<property name="connection.username">root</property>
		<property name="connection.password">root</property>

		<property name="hibernate.dialect">org.hibernate.dialect.MySQL8Dialect</property>
		<property name="show_sql">true</property>
		<property name="format_sql">true</property>
		<property name="hibernate.transaction.coordinator_class">jdbc</property>

		<mapping resource="com/htxm/entities/LoanAccount.hbm.xml" />
	</session-factory>
</hibernate-configuration>