<?xml version="1.0" encoding="UTF-8"?>
<!DOCTYPE hibernate-mapping PUBLIC "-//Hibernate/Hibernate Mapping DTD 3.0//EN"
"http://hibernate.sourceforge.net/hibernate-mapping-3.0.dtd">
<hibernate-mapping package="com.manytomanyset.entities">
	<class name="DTHPackage" table="dth_package">
		<id name="packageNo" column="package_no">
			<generator class="increment" />
		</id>
		<property name="packageName" column="package_nm" />
		<property name="region" />
		<property name="activationNo" column="activation_no" />
		<property name="monthlyCharges" column="monthly_charges" />
		<set name="channels" table="dthpackage_channels">
			<key column="package_no" />
			<many-to-many column="channel_no" class="Channel" />
		</set>
	</class>
</hibernate-mapping>