<?xml version="1.0" encoding="UTF-8"?>
<!DOCTYPE hibernate-mapping PUBLIC "-//Hibernate/Hibernate Mapping DTD 3.0//EN"
"http://hibernate.sourceforge.net/hibernate-mapping-3.0.dtd">
<hibernate-mapping package="com.slc.entities">
	<class name="Job" table="job">
		<cache usage="read-write"/>
		<id name="jobNo" column="job_no">
			<generator class="increment" />
		</id>
		<property name="title" />
		<property name="description" />
		<property name="experience" />
		<many-to-one name="organization" column="organization_no"
			class="Organization" />
	</class>
</hibernate-mapping>