<?xml version="1.0" encoding="UTF-8"?>
<!DOCTYPE hibernate-mapping PUBLIC "-//Hibernate/Hibernate Mapping DTD 3.0//EN"
"http://hibernate.sourceforge.net/hibernate-mapping-3.0.dtd">
<hibernate-mapping package="com.slc.entities">
	<class name="Organization" table="organization">
		<cache usage="read-write" />
		
		<id name="organizationNo" column="organization_no">
			<generator class="increment" />
		</id>
		<property name="organizationName" column="organization_nm" />
		<property name="location" />
		<property name="contactNo" column="contact_no" />
		<set name="jobs" inverse="true">
			<!-- <cache usage="read-only"/> -->
			<key column="organization_no" />
			<one-to-many class="Job" />
		</set>
	</class>
</hibernate-mapping>
