<?xml version="1.0" encoding="UTF-8" standalone="no"?>
<!-- Generated 17-May-2021, 8:02:28 AM by Hibernate Tools 5.4.7.Final --><!DOCTYPE hibernate-mapping PUBLIC "-//Hibernate/Hibernate Mapping DTD 3.0//EN" "http://www.hibernate.org/dtd/hibernate-mapping-3.0.dtd">
<hibernate-mapping auto-import="true" default-access="property" default-cascade="none" default-lazy="true">
    <class catalog="vogodb" dynamic-insert="false" dynamic-update="false" mutable="true" name="com.hbmtools.entities.Bike" optimistic-lock="version" polymorphism="implicit" select-before-update="false" table="bike">
        <id name="bikeNo" type="java.lang.Integer">
            <column name="bike_no"/>
            <generator class="identity"/>
        </id>
        <property generated="never" lazy="false" name="bikeModelNm" optimistic-lock="true" type="string" unique="false">
            <column length="45" name="bike_model_nm" not-null="true"/>
        </property>
        <property generated="never" lazy="false" name="manufacturer" optimistic-lock="true" type="string" unique="false">
            <column length="45" name="manufacturer" not-null="true"/>
        </property>
        <property generated="never" lazy="false" name="rtaRegistrationNo" optimistic-lock="true" type="string" unique="false">
            <column length="12" name="rta_registration_no" not-null="true"/>
        </property>
        <property generated="never" lazy="false" name="price" optimistic-lock="true" type="float" unique="false">
            <column name="price" not-null="true" precision="12" scale="0"/>
        </property>
        <set embed-xml="true" fetch="select" inverse="true" lazy="true" mutable="true" name="bikeRentals" optimistic-lock="true" sort="unsorted" table="bike_rental">
            <key on-delete="noaction">
                <column name="bike_no" not-null="true"/>
            </key>
            <one-to-many class="com.hbmtools.entities.BikeRental" embed-xml="true" not-found="exception"/>
        </set>
    </class>
</hibernate-mapping>
