<?xml version="1.0" encoding="UTF-8" standalone="no"?>
<!-- Generated 17-May-2021, 8:02:28 AM by Hibernate Tools 5.4.7.Final --><!DOCTYPE hibernate-mapping PUBLIC "-//Hibernate/Hibernate Mapping DTD 3.0//EN" "http://www.hibernate.org/dtd/hibernate-mapping-3.0.dtd">
<hibernate-mapping auto-import="true" default-access="property" default-cascade="none" default-lazy="true">
    <class catalog="vogodb" dynamic-insert="false" dynamic-update="false" mutable="true" name="com.hbmtools.entities.Store" optimistic-lock="version" polymorphism="implicit" select-before-update="false" table="store">
        <id name="storeNo" type="int">
            <column name="store_no"/>
            <generator class="assigned"/>
        </id>
        <property generated="never" lazy="false" name="storeNm" optimistic-lock="true" type="string" unique="false">
            <column length="45" name="store_nm"/>
        </property>
        <property generated="never" lazy="false" name="contactNo" optimistic-lock="true" type="string" unique="false">
            <column length="45" name="contact_no"/>
        </property>
        <property generated="never" lazy="false" name="emailAddress" optimistic-lock="true" type="string" unique="false">
            <column length="45" name="email_address"/>
        </property>
        <property generated="never" lazy="false" name="address" optimistic-lock="true" type="string" unique="false">
            <column length="45" name="address"/>
        </property>
        <property generated="never" lazy="false" name="city" optimistic-lock="true" type="string" unique="false">
            <column length="45" name="city"/>
        </property>
        <property generated="never" lazy="false" name="state" optimistic-lock="true" type="string" unique="false">
            <column length="45" name="state"/>
        </property>
        <property generated="never" lazy="false" name="zip" optimistic-lock="true" type="java.lang.Integer" unique="false">
            <column name="zip"/>
        </property>
        <property generated="never" lazy="false" name="country" optimistic-lock="true" type="string" unique="false">
            <column length="45" name="country"/>
        </property>
    </class>
</hibernate-mapping>
