<?xml version="1.0" encoding="UTF-8"?>
<!DOCTYPE hibernate-mapping PUBLIC "-//Hibernate/Hibernate Mapping DTD 3.0//EN"
"http://hibernate.sourceforge.net/hibernate-mapping-3.0.dtd">
<hibernate-mapping package="com.hormex2.entities">
	<class name="Address" table="address">
		<id name="addressNo" column="address_no" />
		<property name="streetAddress" column="street_address" />
		<property name="city" />
		<property name="state" />
		<property name="zip" />
		<property name="country" />
	</class>
</hibernate-mapping>