<?xml version="1.0" encoding="UTF-8"?>
<!DOCTYPE hibernate-configuration PUBLIC
    "-//Hibernate/Hibernate Configuration DTD//EN"
    "http://www.hibernate.org/dtd/hibernate-configuration-3.0.dtd">
<hibernate-configuration>
	<session-factory>
		<property name="connection.driver_class">com.mysql.cj.jdbc.Driver</property>
		<property name="connection.url">jdbc:mysql://localhost:3306/hdb</property>
		<property name="connection.username">root</property>
		<property name="connection.password">root</property>
		
		

		<mapping resource="com/hormex/entities/Account.hbm.xml" />
	</session-factory>
</hibernate-configuration>